"symbol","symbol","probeset","correlation","sd"
"HSPA6","HSPA6","117_at","0.0895075187969925","3.1904696364635"
"CHST3","CHST3","32094_at","0.110041353383459","3.91552784375301"
"MAFF","MAFF","36711_at","0.102003007518797","3.63169052064308"
"MRC2","MRC2","37408_at","0.0886684210526317","3.16084074743622"
"COL11A1","COL11A1","37892_at","0.230723308270677","8.1768576744896"
"MAST4","MAST4","40016_g_at","0.142343609022556","5.0561338745685"
"CALU","CALU","200755_s_at","0.0891225563909774","3.1768764544008"
"ANXA5","ANXA5","200782_at","0.0982157894736843","3.49796228226456"
"HIF1A","HIF1A","200989_at","0.0943984962406015","3.3631720765374"
"CKAP4","CKAP4","200999_s_at","0.112406015037594","3.99902502654046"
"MMP2","MMP2","201069_at","0.0986518796992481","3.51336080881996"
"THBS1","THBS1","201109_s_at","0.087709022556391","3.12696398901434"
"THBS1","THBS1","201110_s_at","0.0975368421052632","3.47398836936883"
"ITGB5","ITGB5","201125_s_at","0.108303759398496","3.85417268018485"
"BHLHB2","BHLHB2","201169_s_at","0.0848","3.02424519721635"
"ITPR3","ITPR3","201188_s_at","0.119620300751880","4.25376444429744"
"BGN","BGN","201261_x_at","0.112241353383459","3.99321075530662"
"BGN","BGN","201262_s_at","0.0884225563909774","3.15215916436102"
"---","---","201295_s_at","0.0958601503759399","3.4147836896817"
"ITGA5","ITGA5","201389_at","0.115867669172932","4.12125746836985"
"NFKBIA","NFKBIA","201502_s_at","0.104570676691729","3.7223559830339"
"CLIC4","CLIC4","201559_s_at","0.0945142857142857","3.36726065082969"
"CLIC4","CLIC4","201560_at","0.100996240601504","3.59614116364709"
"IER3","IER3","201631_s_at","0.104246616541353","3.71091328485221"
"IFNGR2","IFNGR2","201642_at","0.0934022556390977","3.32799440811343"
"TNC","TNC","201645_at","0.129389473684211","4.59871798832207"
"TIMP1","TIMP1","201666_at","0.106716541353383","3.79812735335994"
"RELA","RELA","201783_s_at","0.117209774436090","4.16864776130327"
"RYBP","RYBP","201845_s_at","0.0894345864661654","3.18789436564303"
"NR3C1","NR3C1","201866_s_at","0.0952631578947368","3.39370363781103"
"MPZL1","MPZL1","201875_s_at","0.0884443609022556","3.15292909068879"
"PTPN12","PTPN12","202006_at","0.0922007518796992","3.28556881253494"
"EXT2","EXT2","202012_s_at","0.112281954887218","3.99464441122728"
"EXT2","EXT2","202013_s_at","0.112638345864662","4.00722872430878"
"BIRC2","BIRC2","202076_at","0.137533082706767","4.88627219715225"
"KIAA0247","KIAA0247","202181_at","0.0890428571428571","3.17406224092688"
"ARFGAP3","ARFGAP3","202211_at","0.102824812030075","3.66070877844488"
"COL1A1","COL1A1","202310_s_at","0.0896533834586466","3.19562017810444"
"COL1A1","COL1A1","202311_s_at","0.105941353383459","3.77075514494856"
"TRAM2","TRAM2","202369_s_at","0.0867203007518797","3.09205181242753"
"SEC24D","SEC24D","202375_at","0.0995624060150376","3.54551187030028"
"COL1A2","COL1A2","202403_s_at","0.0909466165413534","3.24128477409631"
"COL1A2","COL1A2","202404_s_at","0.0921225563909775","3.28280769742845"
"NOTCH2","NOTCH2","202443_x_at","0.0914007518796993","3.2573204810609"
"PCOLCE","PCOLCE","202465_at","0.0895721804511278","3.19275286626309"
"STCH","STCH","202558_s_at","0.0908458646616542","3.23772718347834"
"PLOD2","PLOD2","202619_s_at","0.0992466165413533","3.53436121313947"
"PLOD2","PLOD2","202620_s_at","0.0912052631578947","3.25041769329468"
"ICAM1","ICAM1","202637_s_at","0.199376691729323","7.06999565617736"
"ICAM1","ICAM1","202638_s_at","0.207199248120301","7.34621336356075"
"SERTAD2","SERTAD2","202656_s_at","0.124796240601504","4.43652902499978"
"SERTAD2","SERTAD2","202657_s_at","0.129351879699248","4.59739052913624"
"AXL","AXL","202686_s_at","0.0844428571428571","3.01163433495115"
"FMOD","FMOD","202709_at","0.137718045112782","4.89280329634643"
"LTBP1","LTBP1","202728_s_at","0.09903984962406","3.52706018761751"
"LTBP1","LTBP1","202729_s_at","0.0982864661654135","3.50045790553388"
"GPC1","GPC1","202755_s_at","0.0874857142857143","3.11907888145063"
"GPC1","GPC1","202756_s_at","0.110386466165414","3.92771391907875"
"MMP14","MMP14","202828_s_at","0.0908601503759399","3.23823161796895"
"DNAJB9","DNAJB9","202842_s_at","0.0991165413533835","3.52976820435657"
"DNAJB9","DNAJB9","202843_at","0.104580451127820","3.72270112242223"
"IL8","IL8","202859_x_at","0.0959503759398496","3.41796959172764"
"ADM","ADM","202912_at","0.0909270676691729","3.24059449531969"
"LOXL2","LOXL2","202998_s_at","0.0907398496240601","3.23398374857435"
"CHSY1","CHSY1","203044_at","0.106297744360902","3.78333945803002"
"NINJ1","NINJ1","203045_at","0.0881511278195488","3.14257490903947"
"KLHL21","KLHL21","203068_at","0.127386466165413","4.52799096290207"
"WTAP","WTAP","203137_at","0.109158646616541","3.88435910207017"
"FBN2","FBN2","203184_at","0.100806015037594","3.58942422016688"
"TGIF1","TGIF1","203313_s_at","0.0899338345864661","3.20552302363058"
"COL5A1","COL5A1","203325_s_at","0.112154135338346","3.99013104999554"
"STX4","STX4","203530_s_at","0.0891052631578947","3.17626582317533"
"MAP4K5","MAP4K5","203552_at","0.0900706766917294","3.21035497506694"
"NFIL3","NFIL3","203574_at","0.0878383458646616","3.13153044861353"
"FRZB","FRZB","203697_at","0.0976015037593985","3.47627159916842"
"FRZB","FRZB","203698_s_at","0.118871428571429","4.2273214573161"
"PDE4B","PDE4B","203708_at","0.0885007518796993","3.15492027946751"
"EMP3","EMP3","203729_at","0.0932932330827067","3.32414477647458"
"RBMS1","RBMS1","203748_x_at","0.0950443609022556","3.38597782534962"
"RGS3","RGS3","203823_at","0.108555639097744","3.86306665672977"
"RPS6KA3","RPS6KA3","203843_at","0.0881473684210526","3.14244216312089"
"ACVR1","ACVR1","203935_at","0.22106015037594","7.83564756536895"
"WWP2","WWP2","204022_at","0.116042857142857","4.12744342817573"
"NID2","NID2","204114_at","0.125305263157895","4.45450282237565"
"KIAA0999","KIAA0999","204157_s_at","0.093112030075188","3.31774642319898"
"RLF","RLF","204243_at","0.0990586466165414","3.52772391721043"
"COL11A1","COL11A1","204320_at","0.201497744360902","7.14489090344077"
"COL16A1","COL16A1","204345_at","0.189248120300752","6.7123516023364"
"FGF2","FGF2","204421_s_at","0.116187969924812","4.13256742063296"
"NUPL1","NUPL1","204435_at","0.0926902255639098","3.30285233113419"
"CXCL1","CXCL1","204470_at","0.0934172932330827","3.32852539178775"
"GEM","GEM","204472_at","0.105493233082707","3.7549318314537"
"MMP1","MMP1","204475_at","0.114313533834586","4.06638030562845"
"CD44","CD44","204489_s_at","0.106426315789474","3.78787936844551"
"CD44","CD44","204490_s_at","0.124936842105263","4.44149372235469"
"HIVEP1","HIVEP1","204512_at","0.119327819548872","4.24343681183182"
"COL9A3","COL9A3","204724_s_at","0.26676992481203","9.44967864021178"
"CSPG4","CSPG4","204736_s_at","0.280741353383459","9.94301557202628"
"PTGS2","PTGS2","204748_at","0.121644360902256","4.32523484686146"
"SMAD7","SMAD7","204790_at","0.102018045112782","3.6322215043174"
"PDPN","PDPN","204879_at","0.148335338345865","5.26770431960294"
"INHBA","INHBA","204926_at","0.224692481203007","7.9639066719019"
"TNFRSF11B","TNFRSF11B","204932_at","0.108863157894737","3.87392527286972"
"TNFRSF11B","TNFRSF11B","204933_s_at","0.142663157894737","5.0674172776479"
"DDX3Y","DDX3Y","205000_at","0.0953323308270677","3.39614616271292"
"FOXN3","FOXN3","205021_s_at","0.149934586466165","5.32417443336728"
"ENPP1","ENPP1","205065_at","0.106176691729323","3.77906503945171"
"ENPP1","ENPP1","205066_s_at","0.0873781954887218","3.11528234817921"
"GFPT2","GFPT2","205100_at","0.087021052631579","3.10267148591402"
"MAFF","MAFF","205193_at","0.0986992481203007","3.51503340739408"
"RELB","RELB","205205_at","0.110363909774436","3.92691744356725"
"IL6","IL6","205207_at","0.120147368421053","4.2723754220825"
"LIF","LIF","205266_at","0.250272180451128","8.86713645111086"
"BMP2","BMP2","205289_at","0.197489473684211","7.00335720504972"
"BMP2","BMP2","205290_s_at","0.231130827067669","8.19124733206376"
"CCL20","CCL20","205476_at","0.105717293233083","3.76284348820113"
"SRPX2","SRPX2","205499_at","0.131484210526316","4.6726840141554"
"PTPN14","PTPN14","205503_at","0.130029323308271","4.62131134366455"
"HAPLN1","HAPLN1","205523_at","0.268180451127819","9.49948490886336"
"BTG3","BTG3","205548_s_at","0.106761654135338","3.79972030438291"
"HRH1","HRH1","205579_at","0.107696240601504","3.83272093974217"
"HRH1","HRH1","205580_s_at","0.0970774436090226","3.45776681811823"
"COMP","COMP","205713_s_at","0.226060902255639","8.0122261862654"
"OSMR","OSMR","205729_at","0.115329323308271","4.10224825282907"
"MMP3","MMP3","205828_at","0.213558646616541","7.57076635943238"
"COL10A1","COL10A1","205941_s_at","0.0920473684210527","3.28015277905683"
"MMP13","MMP13","205959_at","0.271561654135338","9.61887658803513"
"TNFAIP6","TNFAIP6","206025_s_at","0.112643609022556","4.00741456859477"
"TNFAIP6","TNFAIP6","206026_s_at","0.114975939849624","4.08977013648244"
"MATN3","MATN3","206091_at","0.160537593984962","5.69857102213318"
"PTX3","PTX3","206157_at","0.112642857142857","4.00738801941106"
"BMP6","BMP6","206176_at","0.150527819548872","5.34512173931937"
"ABL2","ABL2","206411_s_at","0.0934781954887218","3.33067587566877"
"HAS2","HAS2","206432_at","0.0948977443609023","3.38080073452496"
"EPYC","EPYC","206439_at","0.190965413533835","6.77298993794422"
"MIA","MIA","206560_s_at","0.132579699248120","4.71136617482989"
"MAP4K4","MAP4K4","206571_s_at","0.0939015037593985","3.34562306610099"
"EFEMP2","EFEMP2","206580_s_at","0.0915586466165414","3.2628958096413"
"SPAG9","SPAG9","206748_s_at","0.120359398496241","4.27986229189047"
"ITGA10","ITGA10","206766_at","0.231875187969925","8.21753102394281"
"WISP1","WISP1","206796_at","0.131330827067669","4.66726798067728"
"NGFB","NGFB","206814_at","0.212362406015038","7.52852660813992"
"CHAD","CHAD","206869_at","0.0847872180451127","3.02379386109317"
"MATN1","MATN1","206904_at","0.110836842105263","3.94361688012474"
"IL11","IL11","206924_at","0.178024060150376","6.31602538782092"
"MATN4","MATN4","207123_s_at","0.255426315789474","9.04913110548544"
"TNIP1","TNIP1","207196_s_at","0.0897706766917294","3.19976185076417"
"RBMS1","RBMS1","207266_x_at","0.095372932330827","3.39757981863360"
"HBP1","HBP1","207361_at","0.106309774436090","3.78376424496948"
"EDIL3","EDIL3","207379_at","0.205452631578947","7.28453960978799"
"P4HA1","P4HA1","207543_s_at","0.103572932330827","3.68712521624250"
"SHOX","SHOX","207570_at","0.091493984962406","3.26061257984171"
"SLC4A7","SLC4A7","207604_s_at","0.0925503759398496","3.29791418296297"
"FZD9","FZD9","207639_at","0.201213533834586","7.13485531199604"
"TNFRSF1A","TNFRSF1A","207643_s_at","0.0865075187969925","3.08453839343585"
"SERPINH1","SERPINH1","207714_s_at","0.100600751879699","3.58217629301235"
"CXCL3","CXCL3","207850_at","0.0915037593984963","3.26095771923002"
"AMPD3","AMPD3","207992_s_at","0.115638345864662","4.11315996733643"
"FSTL1","FSTL1","208782_at","0.092718045112782","3.30383465093169"
"COL6A2","COL6A2","209156_s_at","0.113435338345865","4.03537085904795"
"NFKB1","NFKB1","209239_at","0.0852796992481203","3.04118357642729"
"CDC42EP3","CDC42EP3","209287_s_at","0.092557894736842","3.29817967480013"
"CDC42EP3","CDC42EP3","209288_s_at","0.0887052631578947","3.16214165743831"
"TNFRSF10B","TNFRSF10B","209294_x_at","0.09046992481203","3.22445259162024"
"TNFRSF10B","TNFRSF10B","209295_at","0.0968082706766917","3.44826221034783"
"EFEMP2","EFEMP2","209356_x_at","0.0984812030075188","3.50733414411638"
"THBS3","THBS3","209561_at","0.102123308270677","3.63593839003768"
"POFUT2","POFUT2","209578_s_at","0.119374436090226","4.24508286122224"
"MOXD1","MOXD1","209708_at","0.0874714285714286","3.11857444696002"
"TGFB3","TGFB3","209747_at","0.0884165413533835","3.15194677089129"
"CXCL2","CXCL2","209774_x_at","0.0982165413533835","3.49798883144828"
"CHST3","CHST3","209834_at","0.118352631578947","4.20900252055189"
"CD44","CD44","209835_x_at","0.117779699248120","4.18877204256015"
"RBMS1","RBMS1","209868_s_at","0.0883030075187969","3.14793784415014"
"RELA","RELA","209878_s_at","0.115583458646616","4.11122187692511"
"TGFB2","TGFB2","209909_s_at","0.0906857142857143","3.23207220734679"
"FAP","FAP","209955_s_at","0.0883503759398496","3.14961044272426"
"NOS2A","NOS2A","210037_s_at","0.260500751879699","9.22831154638608"
"PGM3","PGM3","210041_s_at","0.0988766917293233","3.5212990147511"
"IGFBP3","IGFBP3","210095_s_at","0.0873398496240602","3.11392833980969"
"KCNK2","KCNK2","210261_at","0.0867511278195488","3.09314032895990"
"WTAP","WTAP","210285_x_at","0.0905398496240602","3.22692166570585"
"SLC4A7","SLC4A7","210286_s_at","0.0850676691729323","3.03369670661932"
"TNFRSF10B","TNFRSF10B","210405_x_at","0.0924263157894737","3.2935335676498"
"FN1","FN1","210495_x_at","0.0935473684210526","3.33311840057066"
"INHBA","INHBA","210511_s_at","0.169557142857143","6.01705502999276"
"SYNJ2","SYNJ2","210612_s_at","0.098703007518797","3.51516615331266"
"RNF24","RNF24","210706_s_at","0.0950804511278195","3.38725218616799"
"POSTN","POSTN","210809_s_at","0.0861834586466165","3.07309569525416"
"NRP2","NRP2","210841_s_at","0.105583458646617","3.75811773349965"
"PLAUR","PLAUR","210845_s_at","0.0881255639097744","3.14167223679312"
"CD44","CD44","210916_s_at","0.121883458646617","4.33367748728321"
"MAST4","MAST4","210958_s_at","0.130308270676692","4.63116109082326"
"PDE10A","PDE10A","211170_s_at","0.150581203007519","5.34700673136324"
"PDE4B","PDE4B","211302_s_at","0.088954887218045","3.17095598643209"
"WISP1","WISP1","211312_s_at","0.0913781954887218","3.25652400554941"
"IL8","IL8","211506_s_at","0.0865255639097745","3.08517557384504"
"FGFR1","FGFR1","211535_s_at","0.0896075187969925","3.19400067789775"
"PDLIM4","PDLIM4","211564_s_at","0.162375939849624","5.7634837763193"
"FN1","FN1","211719_x_at","0.0914","3.25729393187718"
"NRP2","NRP2","211844_s_at","0.128442105263158","4.56526601683964"
"CD44","CD44","212014_x_at","0.113066165413534","4.02233520984329"
"COL6A1","COL6A1","212091_s_at","0.103318796992481","3.67815159214642"
"SLC39A14","SLC39A14","212110_at","0.143701503759399","5.10408170035999"
"IGFBP3","IGFBP3","212143_s_at","0.08973007518797","3.1983281948435"
"ATP13A3","ATP13A3","212297_at","0.0863593984962406","3.07930820424376"
"NOTCH2","NOTCH2","212377_s_at","0.0884082706766917","3.15165472987041"
"FN1","FN1","212464_s_at","0.0953796992481203","3.39781876128704"
"SPAG9","SPAG9","212470_at","0.122639097744361","4.36035941691798"
"COL5A1","COL5A1","212488_at","0.102286466165413","3.64169956290406"
"COL5A1","COL5A1","212489_at","0.108966917293233","3.87758906022254"
"SYNJ2","SYNJ2","212828_at","0.0924563909774436","3.29459553499845"
"COL14A1","COL14A1","212865_s_at","0.162940601503759","5.78342221329016"
"SEC24A","SEC24A","212902_at","0.103764661654135","3.69389525809013"
"C6orf145","C6orf145","212923_s_at","0.0862654135338345","3.07598955627923"
"COL6A1","COL6A1","212937_s_at","0.104403759398496","3.7164620642489"
"COL6A1","COL6A1","212938_at","0.0940330827067669","3.35026917325132"
"DENND3","DENND3","212974_at","0.107982706766917","3.84283617873803"
"DENND3","DENND3","212975_at","0.089624060150376","3.19458475993951"
"CEBPD","CEBPD","213006_at","0.0973751879699248","3.46828029486985"
"UHRF1BP1L","UHRF1BP1L","213118_at","0.122313533834587","4.34886362036888"
"UHRF1BP1L","UHRF1BP1L","213120_at","0.106415789473684","3.78750767987346"
"BTG3","BTG3","213134_x_at","0.0903142857142858","3.21895691059099"
"SNAI2","SNAI2","213139_at","0.127114285714286","4.51838015839683"
"SLC5A3","SLC5A3","213164_at","0.0905984962406015","3.22899250203571"
"SLC5A3","SLC5A3","213167_s_at","0.086375939849624","3.07989228628551"
"COL6A2","COL6A2","213290_at","0.106249624060150","3.78164031027218"
"EIF2C2","EIF2C2","213310_at","0.121943609022556","4.33580142198048"
"HSPA6","HSPA6","213418_at","0.0958278195488722","3.4136420747819"
"COL6A1","COL6A1","213428_s_at","0.103637593984962","3.68940844604209"
"ABTB2","ABTB2","213497_at","0.130349624060150","4.63262129592763"
"XYLT1","XYLT1","213725_x_at","0.132102255639098","4.69450744317012"
"BGN","BGN","213905_x_at","0.107621052631579","3.83006602137055"
"ITGB5","ITGB5","214020_x_at","0.0931428571428572","3.31883493973134"
"RYK","RYK","214172_x_at","0.0954473684210526","3.4002081878215"
"PDLIM4","PDLIM4","214175_x_at","0.150690977443609","5.3508829121858"
"KHDRBS1","KHDRBS1","214185_at","0.0857052631578947","3.05621041441066"
"ELL2","ELL2","214446_at","0.111387218045113","3.96305088260501"
"NRP2","NRP2","214632_at","0.141206015037594","5.0159649596059"
"C17orf91","C17orf91","214696_at","0.0956902255639098","3.40878357416184"
"FN1","FN1","214702_at","0.111906766917293","3.98139636855289"
"SUSD5","SUSD5","214954_at","0.157411278195489","5.58817951624123"
"SOD2","SOD2","215078_at","0.130304511278196","4.63102834490469"
"RBMS1","RBMS1","215127_s_at","0.0905203007518797","3.22623138692922"
"---","---","215163_at","0.134687969924812","4.78581008597013"
"GOLGA4","GOLGA4","215203_at","0.0878721804511278","3.13272516188076"
"SEC24D","SEC24D","215209_at","0.175064661654135","6.21152780071393"
"SOD2","SOD2","215223_s_at","0.119559398496241","4.25161396041643"
"TRAF3IP2","TRAF3IP2","215411_s_at","0.0989586466165413","3.52419287577617"
"ICAM1","ICAM1","215485_s_at","0.209206015037594","7.41707313489929"
"LOC26010","LOC26010","215617_at","0.0882157894736842","3.14485813883906"
"SEC24D","SEC24D","215641_at","0.145954887218045","5.18364960395743"
"FBN2","FBN2","215717_s_at","0.127129323308271","4.51891114207116"
"---","---","215900_at","0.0901481203007519","3.21308954098970"
"BCL6","BCL6","215990_s_at","0.0970075187969924","3.45529774403262"
"TNC","TNC","216005_at","0.127833082706767","4.54376117802951"
"FN1","FN1","216442_x_at","0.0946646616541353","3.37257048757293"
"FZD8","FZD8","216587_s_at","0.113873684210526","4.05084903315448"
"SOD2","SOD2","216841_s_at","0.114409022556391","4.06975205196042"
"COL14A1","COL14A1","216865_at","0.137746616541353","4.89381216532763"
"COL14A1","COL14A1","216866_s_at","0.112848872180451","4.0146624957493"
"MYO9B","MYO9B","217297_s_at","0.086121052631579","3.07089211300572"
"COL10A1","COL10A1","217428_s_at","0.0898278195488722","3.2017795887266"
"CD44","CD44","217523_at","0.0897263157894737","3.19819544892491"
"NPC1","NPC1","217584_at","0.0908315789473684","3.23722274898773"
"TMEM43","TMEM43","217795_s_at","0.100101503759399","3.56454763502482"
"GOLT1B","GOLT1B","218193_s_at","0.101375187969925","3.60952195224005"
"TBC1D15","TBC1D15","218268_at","0.0965571428571428","3.43939478298662"
"RABGEF1","RABGEF1","218310_at","0.0967172932330827","3.44504975911817"
"RBM7","RBM7","218379_at","0.115249624060150","4.09943403935512"
"TMEM39A","TMEM39A","218615_s_at","0.120657894736842","4.29040231782578"
"FNDC3B","FNDC3B","218618_s_at","0.149081954887218","5.29406765903312"
"PDLIM4","PDLIM4","218691_s_at","0.191572180451128","6.79441512920319"
"UGCGL2","UGCGL2","218801_at","0.0949924812030075","3.3841459316732"
"ZC3H12A","ZC3H12A","218810_at","0.0971308270676692","3.45965181016208"
"DSE","DSE","218854_at","0.121718045112782","4.32783666686563"
"GALNACT-2","GALNACT-2","218871_x_at","0.0991751879699248","3.53183904068644"
"ChGn","ChGn","219049_at","0.0951533834586466","3.38982745698847"
"RCN3","RCN3","219102_at","0.110981954887218","3.94874087258197"
"PITPNC1","PITPNC1","219155_at","0.100411278195489","3.57548589871588"
"TWSG1","TWSG1","219201_s_at","0.171391729323308","6.08183503826029"
"CHAC1","CHAC1","219270_at","0.102546616541353","3.65088558046988"
"---","---","219367_s_at","0.130551127819549","4.63973647716359"
"FKBP14","FKBP14","219390_at","0.104981954887218","3.73687838652667"
"C3orf52","C3orf52","219474_at","0.0912473684210526","3.25190444758279"
"TRPV4","TRPV4","219516_at","0.221413533834587","7.84812568171558"
"LRP12","LRP12","219631_at","0.084678947368421","3.01997077863804"
"UXS1","UXS1","219675_s_at","0.100846616541353","3.59085787608754"
"AGPAT4","AGPAT4","219693_at","0.190201503759399","6.74601596728856"
"FZD10","FZD10","219764_at","0.124663157894737","4.43182981948201"
"ARSJ","ARSJ","219973_at","0.103303759398496","3.6776206084721"
"ZNF385D","ZNF385D","220117_at","0.230800751879699","8.17959224041234"
"C1orf78","C1orf78","220134_x_at","0.0963323308270677","3.43145657705547"
"ENTPD7","ENTPD7","220153_at","0.0848962406015037","3.02764349273202"
"TMCO3","TMCO3","220240_s_at","0.0883984962406015","3.1513095904821"
"TBX4","TBX4","220634_at","0.0970308270676692","3.45612076872783"
"LEPRE1","LEPRE1","220750_s_at","0.112281203007519","3.99461786204358"
"---","---","220898_at","0.099175939849624","3.53186558987015"
"SLC25A28","SLC25A28","221432_s_at","0.101437593984962","3.61172553448848"
"MGC5618","MGC5618","221477_s_at","0.136998496240601","4.86739572753001"
"VPS37B","VPS37B","221704_s_at","0.103369172932331","3.67993038745542"
"C1orf78","C1orf78","221710_x_at","0.096375939849624","3.43299642971101"
"COL5A2","COL5A2","221729_at","0.103366917293233","3.67985073990426"
"COL5A2","COL5A2","221730_at","0.0987556390977443","3.51702459617279"
"ELK3","ELK3","221773_at","0.0943428571428571","3.3612074369424"
"JHDM1D","JHDM1D","221778_at","0.0913353383458646","3.25501070207759"
"CSGlcA-T","CSGlcA-T","221799_at","0.0901413533834587","3.21285059833626"
"CLIC4","CLIC4","221881_s_at","0.088448120300752","3.15306183660737"
"PDPN","PDPN","221898_at","0.102778947368421","3.65908927823819"
"COL8A2","COL8A2","221900_at","0.0938398496240601","3.34344603303626"
"FAM110B","FAM110B","221959_at","0.123159398496241","4.37873145204961"
"GALNACT-2","GALNACT-2","222235_s_at","0.120649624060150","4.29011027680489"
"---","---","222344_at","0.0857654135338345","3.05833434910795"
"MAST4","MAST4","222348_at","0.205306015037594","7.27936251896334"
"CSGlcA-T","CSGlcA-T","55093_at","0.0933593984962406","3.32648110464161"
"RCN3","RCN3","61734_at","0.129957894736842","4.6187891712115"
"TMEM43","TMEM43","222418_s_at","0.108087969924812","3.84655306445830"
"IMPAD1","IMPAD1","222654_at","0.0899593984962406","3.20642569587694"
"TMEM39A","TMEM39A","222690_s_at","0.116745864661654","4.15226691495038"
"FNDC3B","FNDC3B","222692_s_at","0.162022556390977","5.75100565997267"
"FNDC3B","FNDC3B","222693_at","0.132904511278195","4.72283542219528"
"---","---","222877_at","0.150928571428571","5.3592724542401"
"TIAM2","TIAM2","222942_s_at","0.132181954887218","4.69732165664403"
"SNX9","SNX9","223027_at","0.101830827067669","3.62561075757206"
"SNX9","SNX9","223028_s_at","0.113492481203007","4.03738859701035"
"SESN2","SESN2","223196_s_at","0.105345112781955","3.7497016422616"
"NFKBIZ","NFKBIZ","223217_s_at","0.0858624060150376","3.06175919380735"
"NFKBIZ","NFKBIZ","223218_s_at","0.100904511278196","3.59290216323372"
"SLC37A3","SLC37A3","223304_at","0.0859345864661654","3.0643079154441"
"FGFRL1","FGFRL1","223321_s_at","0.0957218045112782","3.40989863987792"
"NRP2","NRP2","223510_at","0.140820300751880","5.00234522835949"
"LRRC8C","LRRC8C","223533_at","0.086681954887218","3.09069780405801"
"C2orf40","C2orf40","223623_at","0.0937165413533835","3.33909196690680"
"GPC6","GPC6","223730_at","0.1152","4.09768179322987"
"FZD8","FZD8","224325_at","0.104709774436090","3.7272675820214"
"MGC12916","MGC12916","224508_at","0.0915714285714286","3.26334714576448"
"PIM3","PIM3","224739_at","0.0980248120300752","3.49121878960065"
"C12orf23","C12orf23","224759_s_at","0.0845781954887218","3.01641318802007"
"ARRDC3","ARRDC3","224797_at","0.0913556390977444","3.25572753003793"
"LASS5","LASS5","224951_at","0.0948586466165414","3.37942017697172"
"FNDC3B","FNDC3B","225032_at","0.161972932330827","5.74925341384742"
"CHD2","CHD2","225077_at","0.0978135338345865","3.48375846897639"
"JHDM1D","JHDM1D","225142_at","0.0988601503759399","3.52071493270935"
"RAPH1","RAPH1","225186_at","0.150664661654135","5.34995369075572"
"RAPH1","RAPH1","225188_at","0.109759398496241","3.90557189985944"
"RAPH1","RAPH1","225189_s_at","0.0968488721804512","3.44969586626851"
"RBMS1","RBMS1","225265_at","0.100081203007519","3.56383080706447"
"RBMS1","RBMS1","225269_s_at","0.0963345864661654","3.43153622460662"
"---","---","225288_at","0.178531578947368","6.33394608682934"
"COL27A1","COL27A1","225292_at","0.145011278195489","5.15033037839361"
"COL27A1","COL27A1","225293_at","0.141348872180451","5.02100930451197"
"LOC399959","LOC399959","225381_at","0.154772932330827","5.49501843058106"
"TWSG1","TWSG1","225406_at","0.149684962406015","5.31536010437352"
"FRMD6","FRMD6","225464_at","0.126913533834587","4.51129152634461"
"FRMD6","FRMD6","225481_at","0.123760902255639","4.39997079902255"
"NRP2","NRP2","225566_at","0.136878195488722","4.86314785813544"
"EIF2C2","EIF2C2","225569_at","0.0869165413533835","3.09898114937747"
"KIAA1754","KIAA1754","225582_at","0.0913248120300752","3.25463901350556"
"MAST4","MAST4","225611_at","0.143233834586466","5.08756810808849"
"MAST4","MAST4","225613_at","0.132815789473684","4.71970261851678"
"COL12A1","COL12A1","225664_at","0.114295488721804","4.06574312521926"
"CTHRC1","CTHRC1","225681_at","0.0849293233082707","3.02881165681554"
"---","---","225685_at","0.0868218045112782","3.09563595222922"
"C2orf59 /// LOC541471","C2orf59 /// LOC541471","225799_at","0.0847413533834586","3.02217436088649"
"VASN","VASN","225867_at","0.130723308270677","4.64581624023461"
"RASSF8","RASSF8","225946_at","0.0900187969924812","3.20852308139052"
"LOC653506 /// METRNL","LOC653506 /// METRNL","225955_at","0.0892172932330828","3.18022165154905"
"TMCO3","TMCO3","226050_at","0.0875263157894737","3.12051253737130"
"ELL2","ELL2","226099_at","0.101133834586466","3.60099966426714"
"---","---","226282_at","0.101422556390977","3.61119455081415"
"---","---","226345_at","0.0910706766917293","3.24566538940948"
"---","---","226347_at","0.0887473684210526","3.16362841172642"
"---","---","226348_at","0.0954751879699248","3.401190507619"
"PPIL4","PPIL4","226472_at","0.084615037593985","3.01771409802217"
"SLC30A7","SLC30A7","226601_at","0.0861233082706768","3.07097176055687"
"---","---","226621_at","0.114485714285714","4.07246006869947"
"PDPN","PDPN","226658_at","0.127324812030075","4.52581392983735"
"FAM114A1","FAM114A1","226697_at","0.0843045112781955","3.00674928514737"
"---","---","226834_at","0.124267669172932","4.41786494884727"
"---","---","226885_at","0.0993593984962406","3.53834359069691"
"PPP1R14C","PPP1R14C","226907_at","0.121020300751880","4.30319902437701"
"C13orf33","C13orf33","227058_at","0.104746616541353","3.72856849202349"
"GPC6","GPC6","227059_at","0.136550375939850","4.85157241403518"
"ZNF697","ZNF697","227080_at","0.0907323308270677","3.23371825673719"
"---","---","227140_at","0.120545112781955","4.28641994026836"
"HAPLN3","HAPLN3","227262_at","0.0914022556390977","3.25737357942833"
"TNFRSF10D","TNFRSF10D","227345_at","0.130324812030075","4.631745172865"
"MEG3","MEG3","227390_at","0.112897744360902","4.01638819269085"
"FZD8","FZD8","227405_s_at","0.101236090225564","3.60461035325255"
"NT5E","NT5E","227486_at","0.137314285714286","4.87854638469084"
"TMF1","TMF1","227685_at","0.0866917293233083","3.09104294344632"
"TMEM166","TMEM166","227828_s_at","0.0921691729323308","3.28445374681886"
"FMNL3","FMNL3","227844_at","0.0869827067669172","3.10131747754449"
"ASAM","ASAM","228082_at","0.174096992481203","6.17735900127119"
"---","---","228121_at","0.0886353383458647","3.15967258335271"
"SCUBE3","SCUBE3","228407_at","0.186044360902256","6.59922553052167"
"---","---","228441_s_at","0.106681954887218","3.79690609090900"
"---","---","228632_at","0.0971172932330827","3.45917392485519"
"---","---","228750_at","0.180124812030075","6.39020380712399"
"---","---","228914_at","0.0909466165413534","3.24128477409631"
"S100A6","S100A6","228923_at","0.0937458646616541","3.34012738507173"
"---","---","228952_at","0.0846496240601503","3.01893536047311"
"CD44","CD44","229221_at","0.091724060150376","3.26873663005887"
"NRP2","NRP2","229225_at","0.121859398496241","4.33282791340429"
"FBLN7","FBLN7","229247_at","0.0969278195488722","3.45248353055871"
"COL11A1","COL11A1","229271_x_at","0.252159398496241","8.93377490223854"
"ANKRD28","ANKRD28","229307_at","0.0918315789473684","3.27253316333028"
"GLIS3","GLIS3","229435_at","0.130932330827068","4.65319691330771"
"C14orf118","C14orf118","229514_at","0.0844503759398497","3.01189982678832"
"LOC652675 /// RBPJ","LOC652675 /// RBPJ","229540_at","0.0997142857142857","3.55087480541095"
"CMAH","CMAH","229604_at","0.0995902255639098","3.54649419009778"
"WTAP","WTAP","229630_s_at","0.0876593984962406","3.12521174288907"
"---","---","229802_at","0.132336842105263","4.70279078848956"
"FNDC3B","FNDC3B","229865_at","0.092309022556391","3.28939189499007"
"EVC2","EVC2","229974_at","0.0908639097744361","3.23836436388753"
"---","---","230127_at","0.0917263157894737","3.26881627761001"
"GLIS3","GLIS3","230258_at","0.11076992481203","3.941254002774"
"ARSI","ARSI","230275_at","0.100959398496241","3.594840253645"
"SCUBE3","SCUBE3","230290_at","0.165247368421053","5.8648751089315"
"ZNF469","ZNF469","230440_at","0.0983616541353384","3.50311282390551"
"---","---","230640_at","0.0874195488721805","3.11674255328361"
"---","---","230728_at","0.107420300751880","3.82297738931833"
"---","---","230773_at","0.108251127819549","3.85231423732473"
"---","---","230850_at","0.115175187969925","4.09680567016724"
"---","---","230895_at","0.279378947368421","9.8949084511325"
"COL12A1","COL12A1","231766_s_at","0.0944751879699248","3.36588009327645"
"IRAK2","IRAK2","231779_at","0.177685714285714","6.30407825514862"
"SIX4","SIX4","231797_at","0.103463909774436","3.68327558460365"
"SDK2","SDK2","232061_at","0.195709022556391","6.94048873800973"
"---","---","232113_at","0.165030827067669","5.85722894402121"
"---","---","232174_at","0.0862383458646617","3.07503378566545"
"---","---","232277_at","0.133008270676692","4.72649920954814"
"---","---","232354_at","0.126753383458647","4.50563655021306"
"SNORD114-3","SNORD114-3","232355_at","0.101679699248120","3.6202743716451"
"---","---","232405_at","0.0895624060150376","3.19240772687478"
"---","---","232453_at","0.162179699248120","5.75655443936937"
"---","---","232472_at","0.168040601503759","5.96350532643716"
"COL9A2","COL9A2","232542_at","0.100117293233083","3.56510516788285"
"---","---","232579_at","0.0946947368421053","3.37363245492158"
"---","---","232668_at","0.172201503759398","6.11042850912263"
"---","---","232701_at","0.178313533834586","6.32624682355164"
"---","---","232711_at","0.0860571428571429","3.06863543238985"
"---","---","232716_at","0.128537593984962","4.56863776317158"
"---","---","232744_x_at","0.0880616541353383","3.13941555617724"
"---","---","232779_at","0.089181954887218","3.17897383991438"
"---","---","232805_at","0.24446992481203","8.66225640037292"
"AFF4","AFF4","232865_at","0.0946624060150376","3.37249084002179"
"FLJ41170","FLJ41170","232955_at","0.103315789473684","3.67804539541156"
"---","---","233039_at","0.1007","3.58568078526290"
"---","---","233090_at","0.152130827067669","5.40172459900232"
"COL12A1","COL12A1","233109_at","0.0865609022556391","3.0864233854797"
"---","---","233222_at","0.124966917293233","4.44255568970334"
"---","---","233303_at","0.108089473684210","3.84660616282572"
"---","---","233364_s_at","0.163245864661654","5.79420118187895"
"---","---","233376_at","0.0890639097744361","3.17480561807094"
"---","---","233668_at","0.158373684210526","5.62216247139795"
"---","---","233691_at","0.133766917293233","4.75328733591778"
"---","---","233771_at","0.0895781954887218","3.19296525973282"
"SEMA6D","SEMA6D","233801_s_at","0.0957887218045113","3.41226151722866"
"---","---","234073_at","0.158252631578947","5.61788805281964"
"---","---","234122_at","0.101751879699248","3.62282309328186"
"---","---","234153_at","0.107411278195489","3.82265879911373"
"---","---","235000_at","0.0865849624060151","3.08727295935862"
"MAML2","MAML2","235106_at","0.0851112781954887","3.03523655927486"
"COX15","COX15","235204_at","0.0898308270676692","3.20188578546147"
"FKBP14","FKBP14","235311_at","0.0908165413533834","3.23669176531341"
"---","---","235407_at","0.127889473684210","4.54575236680821"
"APCDD1L","APCDD1L","235548_at","0.110751879699248","3.94061682236481"
"TMF1","TMF1","235566_at","0.108587218045113","3.86418172244587"
"---","---","235629_at","0.110389473684211","3.92782011581362"
"---","---","235705_at","0.117727067669173","4.18691359970003"
"---","---","235821_at","0.135582706766917","4.8174036145924"
"---","---","235831_at","0.123448120300752","4.38892633859662"
"---","---","235971_at","0.0926165413533835","3.30025051113"
"---","---","236168_at","0.0844639097744361","3.01237771209521"
"---","---","236375_at","0.0842616541353383","3.00523598167555"
"---","---","236404_at","0.094272932330827","3.35873836285679"
"---","---","236438_at","0.132533834586466","4.70974667462321"
"---","---","236599_at","0.132716541353383","4.71619812626623"
"LOC399959","LOC399959","236640_at","0.086875939849624","3.09754749345679"
"---","---","236685_at","0.0983067669172932","3.50117473349422"
"TMF1","TMF1","236829_at","0.113235338345865","4.02830877617944"
"LOC284749","LOC284749","236854_at","-0.00084586466165413","5.42292873939923e-05"
"---","---","236974_at","0.0935075187969925","3.3317112938337"
"---","---","236982_at","0.138302255639098","4.91343201209393"
"---","---","237554_at","0.124327067669173","4.41996233436086"
"---","---","237626_at","0.090306015037594","3.21866486957011"
"MEG8","MEG8","237945_at","0.0842736842105263","3.00566076861501"
"---","---","238009_at","0.107759398496241","3.83495107117434"
"---","---","238195_at","-0.00084586466165414","5.42292873936401e-05"
"ZNF805","ZNF805","238436_s_at","0.0867067669172933","3.09157392712065"
"---","---","238568_s_at","0.0963293233082707","3.43135038032061"
"CALU","CALU","238908_at","0.100606015037594","3.58236213729837"
"---","---","239170_at","0.0949112781954887","3.38127861983185"
"---","---","239258_at","0.125429323308271","4.45888343768882"
"---","---","239672_at","0.0850736842105263","3.03390910008905"
"---","---","239794_at","0.0890902255639098","3.17573483950101"
"---","---","239876_at","0.091512030075188","3.2612497602509"
"---","---","240399_at","0.0962984962406015","3.43026186378824"
"ZNF385C","ZNF385C","241383_at","0.207454887218045","7.35524008602425"
"---","---","241438_at","0.0860112781954887","3.06701593218315"
"---","---","241452_at","0.105968421052632","3.77171091556234"
"PTK2","PTK2","241453_at","0.0908443609022556","3.23767408511091"
"---","---","241460_at","0.149084962406015","5.29417385576799"
"---","---","241780_at","0.108150375939850","3.84875664670676"
"FNDC3B","FNDC3B","242029_at","0.196821052631579","6.979754980726"
"SDK2","SDK2","242064_at","0.171163157894737","6.07376408641057"
"MEF2A","MEF2A","242176_at","0.09616992481203","3.42572195337277"
"TMF1","TMF1","242243_at","0.106979699248120","3.80741956766061"
"---","---","242321_at","0.103752631578947","3.69347047115067"
"LOC401317","LOC401317","242329_at","0.0879075187969925","3.13397297351542"
"---","---","242612_at","0.0956345864661654","3.40681893456684"
"UFM1","UFM1","242669_at","0.1299","4.61674488406535"
"---","---","242725_at","0.098148872180451","3.49559940491381"
"---","---","242726_at","0.104938345864662","3.73533853387114"
"---","---","242853_at","0.0986624060150376","3.51373249739199"
"---","---","243012_at","0.0939796992481203","3.34838418120747"
"CHD2","CHD2","243134_at","0.0856759398496241","3.05517499624573"
"---","---","243555_at","0.117854887218045","4.19142696093178"
"---","---","243765_at","0.107724060150376","3.83370325953967"
"---","---","244009_at","0.0847203007518797","3.02143098374243"
"---","---","244022_at","0.159678947368421","5.66825185432928"
"---","---","244219_at","0.155290977443609","5.51331081816152"
"FRZB","FRZB","244419_at","0.104900751879699","3.73401107468531"
"---","---","244533_at","0.110207518796993","3.9213952133543"
"TFG","TFG","244614_at","0.0850022556390978","3.03138692763601"
"SETD5","SETD5","244691_at","0.106815789473684","3.80163184561048"
"---","---","244860_at","0.112922556390977","4.01726431575347"
"C9orf30","C9orf30","1552277_a_at","0.0877406015037594","3.12807905473042"
"CILP2","CILP2","1552288_at","0.233783458646617","8.28491285221455"
"CILP2","CILP2","1552289_a_at","0.211825563909774","7.50957049096652"
"WWP2","WWP2","1552737_s_at","0.155837593984962","5.53261207472319"
"ITGB1","ITGB1","1553530_a_at","0.086754887218045","3.09327307487848"
"ITGB1","ITGB1","1553678_a_at","0.089512030075188","3.1906289315658"
"IRAK2","IRAK2","1553740_a_at","0.155951127819549","5.53662100146436"
"OSMR","OSMR","1554008_at","0.242387218045113","8.58871516147905"
"DNAJB9","DNAJB9","1554462_a_at","0.0857616541353384","3.05820160318938"
"MOXD1","MOXD1","1554474_a_at","0.106844360902256","3.80264071459172"
"PTGS2","PTGS2","1554997_a_at","0.100224060150376","3.56887515197054"
"SYNJ2","SYNJ2","1555009_a_at","0.136054887218045","4.83407650196619"
"SLC39A14","SLC39A14","1555434_a_at","0.190110526315789","6.74280351605887"
"NRP2","NRP2","1555468_at","0.201514285714286","7.14547498548254"
"BLID","BLID","1555675_at","0.124972932330827","4.44276808317307"
"POSTN","POSTN","1555778_a_at","0.0920443609022557","3.28004658232197"
"ZNF385B","ZNF385B","1555800_at","0.0998052631578947","3.55408725664061"
"CHADL","CHADL","1557123_a_at","0.089578947368421","3.19299180891654"
"---","---","1557504_at","0.0949338345864662","3.38207509534334"
"---","---","1557505_a_at","0.0954052631578947","3.39872143353339"
"---","---","1557527_at","0.112055639097744","3.98665310692870"
"---","---","1557637_at","0.096854887218045","3.44990825973823"
"CD44","CD44","1557905_s_at","0.127809022556391","4.54291160415059"
"EDIL3","EDIL3","1558643_s_at","0.184479699248120","6.54397667920823"
"---","---","1558783_at","0.0937218045112782","3.33927781119282"
"---","---","1559282_at","0.0859248120300752","3.06396277605579"
"LRCH3","LRCH3","1559490_at","0.0936022556390978","3.33505649098194"
"PTK2","PTK2","1559529_at","0.0965383458646616","3.43873105339371"
"COPA","COPA","1559862_at","0.0945496240601504","3.36850846246436"
"SFXN3","SFXN3","1559993_at","0.0915992481203008","3.26432946556198"
"WTAP","WTAP","1560274_at","0.1154","4.10474387609838"
"---","---","1560342_at","0.0873473684210526","3.11419383164685"
"HIVEP1","HIVEP1","1560485_at","0.0920481203007518","3.28017932824055"
"ITGB1","ITGB1","1561042_at","0.132221804511278","4.69872876338098"
"---","---","1561886_a_at","0.217039097744361","7.6936625308547"
"---","---","1562208_a_at","0.180422556390978","6.40071728387563"
"LOC440028","LOC440028","1562606_a_at","0.0864","3.08074186016443"
"---","---","1562863_at","0.095342105263158","3.39649130210124"
"---","---","1563414_at","0.0867887218045112","3.09446778814571"
"HECTD2","HECTD2","1565699_at","0.0866834586466165","3.09075090242544"
"SLC35E4","SLC35E4","1568623_a_at","0.0931684210526315","3.31973761197769"
"CYP27C1","CYP27C1","1568868_at","0.134612030075188","4.7831286184148"
"LOC729822","LOC729822","1568949_at","0.0984827067669173","3.50738724248381"
"---","---","1569387_at","0.117587969924812","4.18200200071253"
"---","---","1569449_a_at","0.107976691729323","3.8426237852683"
"FNDC3B","FNDC3B","1569490_at","0.129508270676692","4.60291275934922"
"---","---","1569921_at","0.0864526315789474","3.08260030302457"
